index,scan_pos,called_base,primary_base,primary_height,secondary_base,secondary_height,ratio,flag,ref_base,matches_ref
0,20,A,A,1135,C,15,0.013,normal,,
1,40,C,C,860,A,14,0.016,normal,,
2,60,G,G,814,A,15,0.018,normal,,
3,80,G,G,1189,A,15,0.013,normal,,
4,100,T,T,940,C,15,0.016,normal,,
5,120,T,T,930,A,15,0.016,normal,,
6,140,C,C,914,G,13,0.014,normal,,
7,160,A,A,874,C,15,0.017,normal,,
8,180,G,G,1190,A,478,0.402,mixed_candidate,,
9,200,C,C,854,G,15,0.018,normal,,
10,220,T,T,1158,C,15,0.013,normal,,
11,240,A,A,1181,C,15,0.013,normal,,
12,260,G,G,1081,T,15,0.014,normal,,
13,280,G,G,858,C,15,0.017,normal,,
14,300,C,C,1108,T,15,0.014,normal,,
15,320,A,A,1022,T,618,0.605,mixed_candidate,,
16,340,T,T,819,C,15,0.018,normal,,
17,360,T,T,828,G,15,0.018,normal,,
18,380,A,A,861,C,15,0.017,normal,,
19,400,G,G,921,A,15,0.016,normal,,
20,420,C,C,927,A,14,0.015,normal,,
21,440,C,C,1073,G,15,0.014,normal,,
22,460,A,A,1108,C,15,0.014,normal,,
